{"accuracy": [0.03723916411399841, 0.03467094525694847, 0.04975922778248787, 0.0760834664106369, 0.10144462436437607, 0.13033707439899445, 0.17784911394119263, 0.21669341623783112, 0.2532905340194702, 0.3187800943851471, 0.36083465814590454, 0.4105938971042633, 0.4577849209308624, 0.48924559354782104, 0.5165328979492188, 0.5473515391349792, 0.5961476564407349, 0.6372391581535339, 0.6356340050697327, 0.6706259846687317, 0.702407717704773, 0.6934189200401306, 0.7274478077888489, 0.7467094659805298, 0.7521669268608093, 0.772391676902771, 0.7865168452262878, 0.7813804149627686, 0.7884430289268494, 0.810914933681488, 0.8160513639450073, 0.8269662857055664], "loss": [9.970508575439453, 3.5764832496643066, 3.5326008796691895, 3.3628172874450684, 3.230847120285034, 3.0711169242858887, 2.914034843444824, 2.7832512855529785, 2.610415458679199, 2.3973000049591064, 2.2274913787841797, 2.060537338256836, 1.878124713897705, 1.7523369789123535, 1.672156572341919, 1.5216208696365356, 1.3817205429077148, 1.257394552230835, 1.226688027381897, 1.160812497138977, 1.0259207487106323, 1.044912338256836, 0.9761707782745361, 0.8617412447929382, 0.85236656665802, 0.780400276184082, 0.7590574026107788, 0.7475457191467285, 0.7241238355636597, 0.6552963852882385, 0.6539947390556335, 0.6047669053077698], "val_accuracy": [0.07407407462596893, 0.03418803587555885, 0.07407407462596893, 0.14814814925193787, 0.19658119976520538, 0.2735042870044708, 0.36467236280441284, 0.404558390378952, 0.5498575568199158, 0.5840455889701843, 0.6524216532707214, 0.6723646521568298, 0.7350427508354187, 0.752136766910553, 0.7549857497215271, 0.7806267738342285, 0.7692307829856873, 0.7977207899093628, 0.8176637887954712, 0.8347578644752502, 0.8461538553237915, 0.8205128312110901, 0.8404558300971985, 0.8717948794364929, 0.8603988885879517, 0.8774929046630859, 0.8660968542098999, 0.8689458966255188, 0.8689458966255188, 0.8774929046630859, 0.8547008633613586, 0.8717948794364929], "val_loss": [3.558901071548462, 3.576202392578125, 3.4598305225372314, 3.287571668624878, 2.9657905101776123, 2.8566641807556152, 2.551389455795288, 2.308281421661377, 1.98110032081604, 1.7569212913513184, 1.619902491569519, 1.4873790740966797, 1.2925529479980469, 1.1642879247665405, 1.0942950248718262, 0.960505485534668, 0.976090133190155, 0.8755188584327698, 0.8165727257728577, 0.7262985110282898, 0.6654086709022522, 0.8336554765701294, 0.7321594953536987, 0.6058382391929626, 0.6336091160774231, 0.5904233455657959, 0.645235538482666, 0.6477382183074951, 0.5580050945281982, 0.5079899430274963, 0.6290767192840576, 0.615908145904541]}